"film_id","title","count"
839,"Stallion Sundance","2"
539,"Luck Opus","2"
278,"Elf Murder","2"
876,"Tarzan Videotape","2"
161,"Clue Grail","2"
695,"President Bang","2"
769,"School Jacket","2"
822,"Soup Wisdom","2"
400,"Hardly Robbers","2"
699,"Private Drop","2"
355,"Ghostbusters Elf","2"
182,"Control Anthem","2"
926,"Untouchables Sunrise","2"
799,"Simon North","2"
507,"Ladybugs Armageddon","2"
259,"Duck Racer","2"
965,"Watership Frontier","2"
30,"Anything Savannah","2"
984,"Wonderful Drop","2"
947,"Vision Torque","2"
407,"Hawk Chill","2"
904,"Train Bunch","2"
393,"Halloween Nuts","2"
498,"Killer Innocent","2"
883,"Tequila Past","2"
224,"Desperate Trainspotting","2"
719,"Records Zorro","2"
935,"Vanished Garden","2"
675,"Phantom Glory","2"
264,"Dwarfs Alter","2"
435,"Hotel Happiness","2"
826,"Speed Suit","2"
180,"Conspiracy Spirit","2"
470,"Ishtar Rocketeer","2"
703,"Punk Divorce","2"
297,"Extraordinary Conquerer","2"
974,"Wild Apollo","2"
472,"Italian African","2"
343,"Full Flatliners","2"
441,"Hunter Alter","2"
230,"Diary Panic","2"
106,"Bulworth Commandments","2"
178,"Connection Microcosmos","2"
684,"Pizza Jumanji","2"
754,"Rushmore Mermaid","2"
289,"Eve Resurrection","2"
490,"Jumanji Blade","2"
310,"Fever Empire","2"
584,"Mixed Doors","2"
102,"Bubble Grosse","2"
459,"Informer Double","2"
492,"Jungle Closer","2"
248,"Dozen Lion","2"
94,"Braveheart Human","2"
781,"Seven Swarm","2"
156,"Clerks Angels","2"
475,"Japanese Run","2"
261,"Duffel Apocalypse","2"
125,"Cassidy Wyoming","2"
29,"Antitrust Tomatoes","2"
466,"Intolerable Intentions","2"
107,"Bunch Minds","2"
340,"Frontier Cabin","2"
523,"Lights Deer","2"
368,"Gone Trouble","2"
548,"Magnificent Chitty","2"
47,"Baby Hall","2"
779,"Sense Greek","2"
718,"Rebel Airport","2"
52,"Ballroom Mockingbird","2"
405,"Haunted Antitrust","2"
996,"Young Language","2"
513,"Leathernecks Dwarfs","2"
375,"Grail Frankenstein","2"
522,"Life Twisted","2"
401,"Harold French","2"
659,"Park Citizen","2"
279,"Elizabeth Shane","2"
903,"Traffic Hobbit","2"
543,"Madigan Dorado","2"
565,"Matrix Snowman","2"
566,"Maude Mod","2"
622,"Newsies Story","2"
635,"Oklahoma Jumanji","2"
558,"Mannequin Worst","2"
168,"Comancheros Enemy","2"
53,"Bang Kwai","2"
32,"Apocalypse Flamingos","2"
411,"Heavenly Gun","2"
425,"Holy Tadpole","2"
316,"Fire Wolves","2"
885,"Texas Watch","2"
422,"Hollow Jeopardy","2"
185,"Cowboy Doom","2"
653,"Panic Club","2"
612,"Mussolini Spoilers","2"
959,"Warlock Werewolf","2"
817,"Soldiers Evolution","2"
605,"Mulholland Beast","2"
541,"Luke Mummy","2"
910,"Treatment Jekyll","2"
998,"Zhivago Core","2"
197,"Crusade Honey","2"
454,"Impact Aladdin","2"
196,"Cruelty Unforgiven","2"
721,"Reds Pocus","2"
866,"Sunset Racer","2"
372,"Graceland Dynamite","2"
335,"Freedom Cleopatra","2"
808,"Sling Luke","2"
517,"Lesson Cleopatra","2"
582,"Miracle Virtual","2"
751,"Runaway Tenenbaums","2"
237,"Divorce Shining","2"
262,"Dumbo Lust","2"
399,"Happiness United","2"
238,"Doctor Grail","2"
547,"Magic Mallrats","2"
613,"Mystic Truman","2"
268,"Early Home","2"
569,"Menagerie Rushmore","2"
82,"Blood Argonauts","2"
990,"World Leathernecks","2"
685,"Platoon Instinct","2"
997,"Youth Kick","2"
515,"Legally Secretary","2"
223,"Desire Alien","2"
362,"Glory Tracy","2"
499,"King Evolution","2"
62,"Bed Highball","2"
656,"Papi Necklace","2"
211,"Darling Breaking","2"
520,"License Weekend","2"
